{
  "max": "99968",
  "min": "125",
  "avg": "50341.20240480962",
  "sum": "50240520",
  "std": "29183.96860229729",
  "text": {
    "\u0412\u0438\u0433\u043e": 15,
    "\u0411\u0435\u043b\u0433\u0440\u0430\u0434": 18,
    "\u042d\u043b\u044c\u0447\u0435": 12,
    "\u0421\u0430\u043d\u043a\u0442-\u041f\u0435\u0442\u0435\u0440\u0431\u0443\u0440\u0433": 17,
    "\u0422\u0430\u0448\u043a\u0435\u043d\u0442": 11,
    "\u0411\u0438\u043b\u044c\u0431\u0430\u043e": 11,
    "\u041d\u0430\u0432\u0430\u043b\u044c\u043a\u0430\u0440\u043d\u0435\u0440\u043e": 18,
    "\u041f\u043b\u0430\u0441\u0435\u043d\u0441\u0438\u044f": 12,
    "\u0421\u043e\u0440\u0438\u044f": 15,
    "\u0421\u0430\u0440\u0430\u0435\u0432\u043e": 14,
    "\u0411\u0443\u0440\u0433\u043e\u0441": 13,
    "\u041e\u0432\u044c\u0435\u0434\u043e": 18,
    "\u0411\u0443\u0434\u0430\u043f\u0435\u0448\u0442": 6,
    "\u041a\u0438\u0435\u0432": 11,
    "\u0413\u0440\u0430\u043d\u0430\u0434\u0430": 14,
    "\u0421\u0430\u043d-\u0421\u0435\u0431\u0430\u0441\u0442\u044c\u044f\u043d": 11,
    "\u0422\u0431\u0438\u043b\u0438\u0441\u0438": 10,
    "\u041c\u0430\u043b\u0430\u0433\u0430": 10,
    "\u0421\u0435\u0432\u0438\u043b\u044c\u044f": 10,
    "\u0421\u043e\u0444\u0438\u044f": 9,
    "\u041f\u0440\u0430\u0433\u0430": 14,
    "\u0421\u0435\u043c\u0430\u043d\u0430": 11,
    "\u0412\u0440\u043e\u0446\u043b\u0430\u0432": 9,
    "\u0410\u0444\u0438\u043d\u044b": 15,
    "\u041c\u0430\u0440\u0442\u043e\u0441\u0430": 16,
    "\u0417\u0430\u0433\u0440\u0435\u0431": 10,
    "\u041b\u0443\u0430\u0440\u043a\u0430": 12,
    "\u041c\u0438\u043d\u0441\u043a": 20,
    "\u0425\u0438\u0445\u043e\u043d": 27,
    "\u0411\u043b\u0430\u043d\u0435\u0441": 14,
    "\u0420\u0438\u0433\u0430": 15,
    "\u041c\u0435\u0440\u0438\u0434\u0430": 9,
    "\u041c\u043e\u043d\u0441\u043e\u043d": 12,
    "\u041b\u044c\u0435\u0439\u0434\u0430": 9,
    "\u041a\u0430\u043c\u0431\u0430\u0434\u043e\u0441": 9,
    "\u0410\u043b\u0438\u043a\u0430\u043d\u0442\u0435": 11,
    "\u0422\u0443\u0434\u0435\u043b\u0430": 10,
    "\u041b\u044e\u0431\u043b\u044f\u043d\u0430": 6,
    "\u0411\u0438\u0448\u043a\u0435\u043a": 16,
    "\u041b\u0430\u0441-\u0420\u043e\u0441\u0430\u0441": 14,
    "\u041a\u043e\u0440\u0434\u043e\u0432\u0430": 9,
    "\u041b\u0443\u0433\u043e": 16,
    "\u0422\u0430\u0440\u0440\u0430\u0441\u0430": 11,
    "\u0412\u0430\u043b\u044c\u044f\u0434\u043e\u043b\u0438\u0434": 14,
    "\u0412\u0438\u043b\u044c\u043d\u044e\u0441": 17,
    "\u041a\u0430\u0441\u0435\u0440\u0435\u0441": 10,
    "\u0421\u043a\u043e\u043f\u044c\u0435": 15,
    "\u041f\u043e\u0434\u0433\u043e\u0440\u0438\u0446\u0430": 11,
    "\u0411\u0430\u043a\u0443": 14,
    "\u0414\u0443\u0448\u0430\u043d\u0431\u0435": 14,
    "\u041a\u0430\u0440\u0442\u0430\u0445\u0435\u043d\u0430": 9,
    "\u041e\u0441\u0435\u0440\u0430": 27,
    "\u0422\u0440\u0443\u0445\u0438\u043b\u044c\u043e": 7,
    "\u0410\u0432\u0438\u043b\u0435\u0441": 8,
    "\u041c\u0430\u0434\u0440\u0438\u0434": 11,
    "\u0425\u0435\u043b\u044c\u0441\u0438\u043d\u043a\u0438": 12,
    "\u041c\u0430\u0445\u0430\u0434\u0430\u043e\u043d\u0434\u0430": 9,
    "\u0421\u0430\u043d\u0445\u0435\u043d\u0445\u043e": 8,
    "\u0410\u0440\u0442\u0435\u0439\u0445\u043e": 12,
    "\u0415\u0440\u0435\u0432\u0430\u043d": 13,
    "\u0411\u0430\u0440\u0441\u0435\u043b\u043e\u043d\u0430": 15,
    "\u0412\u0438\u043b\u044c\u044f\u0432\u0438\u0441\u0438\u043e\u0441\u0430": 15,
    "\u042d\u043b\u044c-\u041f\u0443\u044d\u0440\u0442\u043e-\u0434\u0435-\u0421\u0430\u043d\u0442\u0430-\u041c\u0430\u0440\u0438\u044f": 8,
    "\u0410\u0441\u0442\u0430\u043d\u0430": 12,
    "\u0410\u043b\u043c\u0430-\u0410\u0442\u0430": 9,
    "\u0421\u0430\u043d\u0442\u044c\u044f\u0433\u043e-\u0434\u0435-\u041a\u043e\u043c\u043f\u043e\u0441\u0442\u0435\u043b\u0430": 10,
    "\u0421\u044c\u044e\u0434\u0430\u0434-\u0420\u0435\u0430\u043b\u044c": 21,
    "\u0424\u0438\u0433\u0435\u0440\u0430\u0441": 8,
    "\u041a\u0443\u044d\u043d\u043a\u0430": 12,
    "\u0412\u0430\u0440\u0448\u0430\u0432\u0430": 12,
    "\u0421\u0435\u0433\u043e\u0432\u0438\u044f": 11,
    "\u0410\u043b\u044c\u043a\u0430\u043b\u0430-\u0434\u0435-\u042d\u043d\u0430\u0440\u0435\u0441": 10,
    "\u041b\u0430-\u041a\u043e\u0440\u0443\u043d\u044c\u044f": 15,
    "\u0422\u0430\u043b\u043b\u0438\u043d": 11,
    "\u041c\u043e\u0441\u043a\u0432\u0430": 9,
    "\u0412\u0430\u043b\u0435\u043d\u0441\u0438\u044f": 10,
    "\u041a\u0440\u0430\u043a\u043e\u0432": 10,
    "\u041a\u0438\u0448\u0438\u043d\u0435\u0432": 11,
    "\u0421\u0430\u043c\u043e\u0440\u0430": 8,
    "\u041a\u0430\u0434\u0430\u043a\u0435\u0441": 9,
    "\u041c\u0443\u0440\u0441\u0438\u044f": 6,
    "\u0422\u0438\u0440\u0430\u043d\u0430": 5
  }
}
