{
  "sum": 842476.0,
  "avr": 553.896120973044,
  "sumMD": 22143.0,
  "avrMD": 567.7692307692307,
  "sumSD": 22143.0,
  "avrSD": 567.7692307692307,
  "max": 998.0,
  "min": 998.0
}
